classifier,trial1_accuracy,trial1_precision,trial2_accuracy,trial2_precision,trial3_accuracy,trial3_precision
KNN,0.795756,0.875,0.814324,0.833977,0.793103,0.861004
RF,0.801061,0.87747,0.795756,0.826772,0.777188,0.83209
LR,0.803714,0.859316,0.816976,0.834615,0.811671,0.856618
DT,0.774536,0.867769,0.782493,0.823293,0.763926,0.860656
