classifier,trial1_accuracy,trial1_precision,trial2_accuracy,trial2_precision,trial3_accuracy,trial3_precision
KNN,0.777188329,0.887096774,0.827586207,0.857142857,0.785145889,0.862204724
RF,0.809018568,0.884462151,0.798408488,0.82745098,0.774535809,0.828467153
LR,0.801061008,0.890688259,0.822281167,0.863636364,0.803713528,0.874509804
DT,0.786451343,0.928571429,0.692307692,0.904458599,0.705570292,0.947674419
