classifier,trial1_accuracy,trial1_precision,trial2_accuracy,trial2_precision,trial3_accuracy,trial3_precision
KNN,0.786885246,0.766667,0.819672,0.875,0.934426,0.9375
RF,0.819672131,0.846154,0.754098,0.777778,0.934426,0.9375
LR,0.803278689,0.814815,0.786885,0.805556,0.885246,0.857143
DT,0.754098,0.705882,0.704918,0.766667,0.819672,0.878788
