classifier,trial1_accuracy,trial1_precision,trial2_accuracy,trial2_precision,trial3_accuracy,trial3_precision
KNN,0.786885,0.75,0.770492,0.8,0.868852,0.815789
RF,0.803279,0.814815,0.754098,0.783784,0.934426,0.966667
LR,0.803279,0.793103,0.819672,0.815789,0.918033,0.909091
DT,0.770492,0.758621,0.721311,0.74359,0.852459,0.878788
